CREATE DATABASE lab5

USE lab5

CREATE TABLE PATIENT (
	PATIENTID	INTEGER		NOT NULL,
	FNAME		VARCHAR(35)	NOT NULL,
	LNAME		VARCHAR(35)	NOT NULL,
	STREET		VARCHAR(50)	NOT NULL,
	CITY		VARCHAR(40) NOT NULL,
	STATE		CHAR(2)	NOT NULL,
	ZIPCODE		CHAR(10) NOT NULL,
	EMAIL		VARCHAR(50) UNIQUE,
	PHONE		CHAR(10)	NOT NULL	UNIQUE,
	DOB			DATE		NOT NULL,
	GENDER		VARCHAR(10)	NOT NULL,
	
	PRIMARY KEY (PATIENTID)
)

CREATE TABLE PERSONNEL (
	PERSONNELID	INTEGER		NOT NULL,
	FNAME		VARCHAR(35)	NOT NULL,
	LNAME		VARCHAR(35)	NOT NULL,
	STREET		VARCHAR(50) NOT NULL,
	CITY		VARCHAR(40) NOT NULL,
	STATE		CHAR(2)	NOT NULL,
	ZIPCODE		CHAR(10)	NOT NULL,
	EMAIL		VARCHAR(50) NOT NULL	UNIQUE,
	PHONE		CHAR(10)	NOT NULL	UNIQUE,
	POSITION	VARCHAR(40)	NOT NULL,
	HIREDATE	DATE		NOT NULL,
	
	PRIMARY KEY (PERSONNELID)
)

CREATE TABLE PATIENT_PERSONNEL (
	PATIENTID	INTEGER		NOT NULL,
	PERSONNELID	INTEGER		NOT NULL,
	
	PRIMARY KEY (PATIENTID, PERSONNELID),
	FOREIGN KEY (PATIENTID) REFERENCES PATIENT,
	FOREIGN KEY (PERSONNELID) REFERENCES PERSONNEL
)

CREATE TABLE DEPARTMENT (
	DEPTID		INTEGER		NOT NULL,
	NAME		VARCHAR(30)	NOT NULL	UNIQUE,
	
	PRIMARY KEY (DEPTID)
)

CREATE TABLE BED (
	BEDID		INTEGER		NOT NULL,
	PATIENTID	INTEGER		NOT NULL,
	
	PRIMARY KEY (BEDID),
	FOREIGN KEY (PATIENTID) REFERENCES PATIENT
)

CREATE TABLE TREATMENT (
	TREATMENTID	INTEGER		NOT NULL,
	DESCRIPTION	VARCHAR(50)	NOT NULL,
	COST		MONEY		NOT NULL,
	
	PRIMARY KEY (TREATMENTID)
)

CREATE TABLE PATIENT_TREATMENT (
	PATIENTID	INTEGER		NOT NULL,
	TREATMENTID	INTEGER		NOT NULL,
	
	PRIMARY KEY (PATIENTID, TREATMENTID),
	FOREIGN KEY (PATIENTID) REFERENCES PATIENT,
	FOREIGN KEY (TREATMENTID) REFERENCES TREATMENT
)

CREATE TABLE TEST (
	TESTID		INTEGER		NOT NULL,
	DESCRIPTION	VARCHAR(50)	NOT NULL,
	COST		MONEY		NOT NULL,
	
	PRIMARY KEY (TESTID)
)

CREATE TABLE PATIENT_TEST (
	PATIENTID	INTEGER		NOT NULL,
	TESTID		INTEGER		NOT NULL,
	
	PRIMARY KEY (PATIENTID, TESTID),
	FOREIGN KEY (PATIENTID) REFERENCES PATIENT,
	FOREIGN KEY (TESTID) REFERENCES TEST
)

INSERT INTO PATIENT VALUES (1, 'Zachary', 'Smith', '1 Patient Street', 'Atlanta', 'GA', '12345', 'patient1@email.com', '1234567890', '01/01/2020', 'Male')
INSERT INTO PATIENT VALUES (2, 'Abigail', 'Knight', '2 Patient Street', 'Woodstock', 'GA', '23456', 'patient2@email.com', '2345678901', '01/02/2020', 'Female')
INSERT INTO PATIENT VALUES (3, 'Peter', 'Lefevre', '3 Patient Street', 'Roswell', 'GA', '34567', 'patient3@email.com', '3456789012', '01/03/2020', 'Male')
INSERT INTO PATIENT VALUES (4, 'Bethanie', 'Graves', '4 Patient Street', 'Kennesaw', 'GA', '45678', 'patient4@email.com', '4567890123', '01/04/2020', 'Female')
INSERT INTO PATIENT VALUES (5, 'Christopher', 'Robertson', '5 Patient Street', 'Marietta', 'GA', '56789', 'patient5@email.com', '5678901234', '01/05/2020', 'Male')

INSERT INTO PERSONNEL VALUES (1, 'Elizabeth', 'Chambers', '1 Personnel Avenue', 'Marietta', 'GA', '67890', 'personnel1@email.com', '6789012345', 'Doctor', '02/01/2020')
INSERT INTO PERSONNEL VALUES (2, 'William', 'Freeman', '2 Personnel Avenue', 'Kennesaw', 'GA', '78901', 'personnel2@email.com', '7890123456', 'Nurse', '02/02/2020')
INSERT INTO PERSONNEL VALUES (3, 'Jane', 'Stewart', '3 Personnel Avenue', 'Roswell', 'GA', '89012', 'personnel3@email.com', '8901234567', 'Doctor', '02/03/2020')
INSERT INTO PERSONNEL VALUES (4, 'Max', 'Hall', '4 Personnel Avenue', 'Woodstock', 'GA', '90123', 'personnel4@email.com', '9012345678', 'Nurse', '02/04/2020')
INSERT INTO PERSONNEL VALUES (5, 'Hannah', 'Hopkins', '5 Personnel Avenue', 'Atlanta', 'GA', '01234', 'personnel5@email.com', '0123456789', 'Doctor', '02/05/2020')

INSERT INTO TREATMENT VALUES (1, 'Treatment 1', '1000.00')
INSERT INTO TREATMENT VALUES (2, 'Treatment 2', '2000.00')
INSERT INTO TREATMENT VALUES (3, 'Treatment 3', '3000.00')
INSERT INTO TREATMENT VALUES (4, 'Treatment 4', '4000.00')
INSERT INTO TREATMENT VALUES (5, 'Treatment 5', '5000.00')

INSERT INTO TEST VALUES (1, 'Test 1', '100.00')
INSERT INTO TEST VALUES (2, 'Test 2', '100.00')
INSERT INTO TEST VALUES (3, 'Test 3', '100.00')
INSERT INTO TEST VALUES (4, 'Test 4', '100.00')
INSERT INTO TEST VALUES (5, 'Test 5', '100.00')

INSERT INTO BED VALUES (1, 5)
INSERT INTO BED VALUES (2, 4)
INSERT INTO BED VALUES (3, 3)
INSERT INTO BED VALUES (4, 2)
INSERT INTO BED VALUES (5, 1)

INSERT INTO PATIENT_TREATMENT VALUES (1, 5)
INSERT INTO PATIENT_TREATMENT VALUES (2, 4)
INSERT INTO PATIENT_TREATMENT VALUES (3, 3)
INSERT INTO PATIENT_TREATMENT VALUES (4, 2)
INSERT INTO PATIENT_TREATMENT VALUES (5, 1)

INSERT INTO PATIENT_TEST VALUES (1, 5)
INSERT INTO PATIENT_TEST VALUES (2, 4)
INSERT INTO PATIENT_TEST VALUES (3, 3)
INSERT INTO PATIENT_TEST VALUES (4, 2)
INSERT INTO PATIENT_TEST VALUES (5, 1)

INSERT INTO PATIENT_PERSONNEL VALUES (1, 5)
INSERT INTO PATIENT_PERSONNEL VALUES (2, 4)
INSERT INTO PATIENT_PERSONNEL VALUES (3, 3)
INSERT INTO PATIENT_PERSONNEL VALUES (4, 2)
INSERT INTO PATIENT_PERSONNEL VALUES (5, 1)

SELECT * FROM PATIENT INNER JOIN BED ON PATIENT.PATIENTID = BED.PATIENTID

SELECT * FROM ((PATIENT_TREATMENT INNER JOIN PATIENT ON PATIENT_TREATMENT.PATIENTID = PATIENT.PATIENTID) INNER JOIN TREATMENT ON PATIENT_TREATMENT.TREATMENTID = TREATMENT.TREATMENTID)

SELECT * FROM ((PATIENT_TEST INNER JOIN PATIENT ON PATIENT_TEST.PATIENTID = PATIENT.PATIENTID) INNER JOIN TEST ON PATIENT_TEST.TESTID = TEST.TESTID)

SELECT * FROM ((PATIENT_PERSONNEL INNER JOIN PATIENT ON PATIENT_PERSONNEL.PATIENTID = PATIENT.PATIENTID) INNER JOIN PERSONNEL ON PATIENT_PERSONNEL.PERSONNELID = PERSONNEL.PERSONNELID)

SELECT * FROM PATIENT ORDER BY PATIENT.FNAME ASC

SELECT * FROM ((PATIENT_TEST INNER JOIN PATIENT ON PATIENT_TEST.PATIENTID = PATIENT.PATIENTID) INNER JOIN TEST ON PATIENT_TEST.TESTID = TEST.TESTID) WHERE PATIENT.CITY = 'Atlanta'

SELECT * FROM ((PATIENT_TREATMENT INNER JOIN PATIENT ON PATIENT_TREATMENT.PATIENTID = PATIENT.PATIENTID) INNER JOIN TREATMENT ON PATIENT_TREATMENT.TREATMENTID = TREATMENT.TREATMENTID) WHERE PATIENT.CITY = 'Woodstock' OR PATIENT.CITY = 'Roswell'