/* create database */
CREATE DATABASE project

USE project

/* create tables */
CREATE TABLE BUYER (
	USERNAME	VARCHAR(30)		NOT NULL	UNIQUE,
	PASSWORD	VARCHAR(30)		NOT NULL,
	FNAME		VARCHAR(35)		NOT NULL,
	LNAME		VARCHAR(35)		NOT NULL,
	STREET		VARCHAR(50)		NOT NULL,
	CITY		VARCHAR(40) 	NOT NULL,
	STATE		CHAR(2)			NOT NULL,
	ZIPCODE		CHAR(10) 		NOT NULL,
	EMAIL		VARCHAR(50) 	NOT NULL,
	PHONE		CHAR(10)		NOT NULL,
	CCOWNNAME	VARCHAR(70)		NOT NULL,
	CCNUM		CHAR(16)		NOT NULL,
	CCEXP		DATE			NOT NULL,
	
	PRIMARY KEY (USERNAME)
)

CREATE TABLE SELLER (
	USERNAME	VARCHAR(30)		NOT NULL	UNIQUE,
	PASSWORD	VARCHAR(30)		NOT NULL,
	FNAME		VARCHAR(35)		NOT NULL,
	LNAME		VARCHAR(35)		NOT NULL,
	STREET		VARCHAR(50)		NOT NULL,
	CITY		VARCHAR(40) 	NOT NULL,
	STATE		CHAR(2)			NOT NULL,
	ZIPCODE		CHAR(10) 		NOT NULL,
	EMAIL		VARCHAR(50) 	NOT NULL,
	PHONE		CHAR(10)		NOT NULL,
	CCOWNNAME	VARCHAR(70)		NOT NULL,
	CCNUM		CHAR(16)		NOT NULL,
	CCEXP		DATE			NOT NULL,
	
	PRIMARY KEY (USERNAME)
)

CREATE TABLE ITEM (
	ITEMID		INTEGER			NOT NULL	UNIQUE,
	NAME		VARCHAR(50)		NOT NULL,
	DESCRIPTION	VARCHAR(50)		NOT NULL,
	CONDITION	VARCHAR(15)		NOT NULL,
	INIPRICE	MONEY			NOT NULL,
	QUANTITY	VARCHAR(3)		NOT NULL,
	BIDSTART	SMALLDATETIME	NOT NULL,
	BIDEND		SMALLDATETIME	NOT NULL,
	
	PRIMARY KEY (ITEMID)
)

CREATE TABLE BUYING (
	USERNAME	VARCHAR(30)		NOT NULL,
	ITEMID		INTEGER			NOT NULL,
	BIDAMOUNT	MONEY			NOT NULL,
	BIDTIME		DATETIME		NOT NULL,
	
	PRIMARY KEY (USERNAME, ITEMID),
	FOREIGN KEY (USERNAME) REFERENCES BUYER,
	FOREIGN KEY (ITEMID) REFERENCES ITEM
)

CREATE TABLE SELLING (
	USERNAME	VARCHAR(30)		NOT NULL,
	ITEMID		INTEGER			NOT NULL,
	
	PRIMARY KEY (USERNAME, ITEMID),
	FOREIGN KEY (USERNAME) REFERENCES SELLER,
	FOREIGN KEY (ITEMID) REFERENCES ITEM
)

/* populate tables */
INSERT INTO BUYER VALUES ('BuyerUsername1', 'BuyerPass1', 'Zachary', 'Smith', '1 Buyer Street', 'Atlanta', 'GA', '12345', 'buyer1@email.com', '1234567890', 'Zachary Smith', '1234123412341234', '2020-01-01')
INSERT INTO BUYER VALUES ('BuyerUsername2', 'BuyerPass2', 'Abigail', 'Knight', '2 Buyer Street', 'Woodstock', 'GA', '23456', 'buyer2@email.com', '2345678901', 'Abigail Knight', '2345234523452345', '2020-02-02')
INSERT INTO BUYER VALUES ('BuyerUsername3', 'BuyerPass3', 'Peter', 'Lefevre', '3 Buyer Street', 'Roswell', 'GA', '34567', 'buyer3@email.com', '3456789012', 'Peter Lefevre', '3456345634563456', '2020-03-03')
INSERT INTO BUYER VALUES ('BuyerUsername4', 'BuyerPass4', 'Bethanie', 'Graves', '4 Buyer Street', 'Kennesaw', 'GA', '45678', 'buyer4@email.com', '4567890123', 'Bethanie Graves', '4567456745674567', '2020-04-04')
INSERT INTO BUYER VALUES ('BuyerUsername5', 'BuyerPass5', 'Christopher', 'Robertson', '5 Buyer Street', 'Marietta', 'GA', '56789', 'buyer5@email.com', '5678901234', 'Christopher Robertson', '5678567856785678', '2020-05-05')

INSERT INTO SELLER VALUES ('SellerUsername1', 'SellerPass1', 'Elizabeth', 'Chambers', '1 Seller Street', 'Marietta', 'GA', '67890', 'seller1@email.com', '6789012345', 'Elizabeth Chambers', '6789678967896789', '2020-06-06')
INSERT INTO SELLER VALUES ('SellerUsername2', 'SellerPass2', 'William', 'Freeman', '2 Seller Street', 'Kennesaw', 'GA', '78901', 'seller2@email.com', '7890123456', 'William Freeman', '7890789078907890', '2020-07-07')
INSERT INTO SELLER VALUES ('SellerUsername3', 'SellerPass3', 'Jane', 'Stewart', '3 Seller Street', 'Roswell', 'GA', '89012', 'seller3@email.com', '8901234567', 'Jane Stewart', '8901890189018901', '2020-08-08')
INSERT INTO SELLER VALUES ('SellerUsername4', 'SellerPass4', 'Max', 'Hall', '4 Seller Street', 'Woodstock', 'GA', '90123', 'seller4@email.com', '9012345678', 'Max Hall', '9012901290129012', '2020-09-09')
INSERT INTO SELLER VALUES ('SellerUsername5', 'SellerPass5', 'Hannah', 'Hopkins', '5 Seller Street', 'Atlanta', 'GA', '01234', 'seller5@email.com', '0123456789', 'Hannah Hopkins', '0123012301230123', '2020-10-10')

INSERT INTO ITEM VALUES (1, 'Item #1', 'Item #1 Desc', 'New', '100.00', '1', '2020-01-01 00:00:01', '2020-01-31 23:59:59')
INSERT INTO ITEM VALUES (2, 'Item #2', 'Item #2 Desc', 'Refurbished', '200.00', '1', '2020-01-01 00:00:01', '2020-01-31 23:59:59')
INSERT INTO ITEM VALUES (3, 'Item #3', 'Item #3 Desc', 'Explained', '300.00', '1', '2020-01-01 00:00:01', '2020-01-31 23:59:59')
INSERT INTO ITEM VALUES (4, 'Item #4', 'Item #4 Desc', 'Refurbished', '400.00', '1', '2020-01-01 00:00:00', '2020-01-31 23:59:59')
INSERT INTO ITEM VALUES (5, 'Item #5', 'Item #5 Desc', 'New', '500.00', '1', '2020-01-01 00:00:00', '2020-01-31 23:59:59')
INSERT INTO ITEM VALUES (6, 'Item #6', 'Item #6 Desc', 'Refurbished', '600.00', '1', '2020-01-01 00:00:00', '2020-01-31 23:59:59')
INSERT INTO ITEM VALUES (7, 'Item #7', 'Item #7 Desc', 'Explained', '700.00', '1', '2020-01-01 00:00:00', '2020-01-31 23:59:59')
INSERT INTO ITEM VALUES (8, 'Item #8', 'Item #8 Desc', 'Refurbished', '800.00', '1', '2020-01-01 00:00:00', '2020-01-31 23:59:59')
INSERT INTO ITEM VALUES (9, 'Item #9', 'Item #9 Desc', 'New', '900.00', '1', '2020-01-01 00:00:00', '2020-01-31 23:59:59')
INSERT INTO ITEM VALUES (10, 'Item #10', 'Item #10 Desc', 'Refurbished', '1000.00', '1', '2020-01-01 00:00:00', '2020-01-31 23:59:59')

INSERT INTO BUYING VALUES ('BuyerUsername1', 1, '150.00', '2020-01-15 12:00:00')
INSERT INTO BUYING VALUES ('BuyerUsername2', 2, '250.00', '2020-01-15 12:00:00')
INSERT INTO BUYING VALUES ('BuyerUsername3', 3, '350.00', '2020-01-15 12:00:00')
INSERT INTO BUYING VALUES ('BuyerUsername4', 4, '450.00', '2020-01-15 12:00:00')
INSERT INTO BUYING VALUES ('BuyerUsername5', 5, '550.00', '2020-01-15 12:00:00')
INSERT INTO BUYING VALUES ('BuyerUsername5', 6, '650.00', '2020-01-15 12:00:00')
INSERT INTO BUYING VALUES ('BuyerUsername3', 7, '750.00', '2020-01-15 12:00:00')
INSERT INTO BUYING VALUES ('BuyerUsername3', 8, '850.00', '2020-01-15 12:00:00')
INSERT INTO BUYING VALUES ('BuyerUsername4', 9, '950.00', '2020-01-15 12:00:00')
INSERT INTO BUYING VALUES ('BuyerUsername1', 10, '1050.00', '2020-01-15 12:00:00')

INSERT INTO SELLING VALUES ('SellerUsername1', 1)
INSERT INTO SELLING VALUES ('SellerUsername2', 2)
INSERT INTO SELLING VALUES ('SellerUsername3', 3)
INSERT INTO SELLING VALUES ('SellerUsername4', 4)
INSERT INTO SELLING VALUES ('SellerUsername5', 5)
INSERT INTO SELLING VALUES ('SellerUsername4', 6)
INSERT INTO SELLING VALUES ('SellerUsername5', 7)
INSERT INTO SELLING VALUES ('SellerUsername2', 8)
INSERT INTO SELLING VALUES ('SellerUsername1', 9)
INSERT INTO SELLING VALUES ('SellerUsername2', 10)

/* most active seller */
SELECT TOP 1 USERNAME FROM SELLING GROUP BY USERNAME ORDER BY COUNT(ITEMID) DESC

/* most active buyer */
SELECT TOP 1 USERNAME FROM BUYING GROUP BY USERNAME ORDER BY COUNT(ITEMID) DESC

/* most expensive item sold ever */
SELECT ITEM.NAME, BUYING.BIDAMOUNT FROM ITEM INNER JOIN BUYING ON ITEM.ITEMID=BUYING.ITEMID WHERE BUYING.BIDAMOUNT = (SELECT MAX(BUYING.BIDAMOUNT) FROM BUYING)

/* most expensive item available) */
SELECT ITEM.NAME, ITEM.INIPRICE FROM ITEM WHERE ITEM.INIPRICE = (SELECT MAX(ITEM.INIPRICE) FROM ITEM)

/* cheapest item sold ever */
SELECT ITEM.NAME, BUYING.BIDAMOUNT FROM ITEM INNER JOIN BUYING ON ITEM.ITEMID=BUYING.ITEMID WHERE BUYING.BIDAMOUNT = (SELECT MIN(BUYING.BIDAMOUNT) FROM BUYING)

/* cheapest item available */
SELECT ITEM.NAME, ITEM.INIPRICE FROM ITEM WHERE ITEM.INIPRICE = (SELECT MIN(ITEM.INIPRICE) FROM ITEM)